color,doc
#9EEC6E,10001.txt
#6977C5,10002.txt
#67F559,10003.txt
#6D4DB2,10004.txt
#9183DD,10005.txt
#3C303F,10006.txt
#1C6EC3,10007.txt
#5F6501,10008.txt
#70A110,10009.txt
#794F58,10010.txt
#93DFD0,10011.txt
#734D4F,10012.txt
#813173,10013.txt
#A1761B,10014.txt
#A91AB3,10015.txt
#B0C519,10016.txt
#66DC15,10017.txt
#29C824,10018.txt
#04D9C9,10019.txt
#44E070,10020.txt
#2DDC57,10021.txt
#901900,10022.txt
#BEF2AD,10023.txt
#A40085,10024.txt
#D9FBA3,10025.txt
#3DA302,10026.txt
#86E9B7,10027.txt
#22EC81,10028.txt
#5FB5B5,10029.txt
#2A6570,10030.txt
#EE3C87,10031.txt
#D8B370,10032.txt
#BA5031,10033.txt
#30C327,10034.txt
#27F9BD,10035.txt
#FABA54,10036.txt
#9BBBCE,10037.txt
#8146E3,10038.txt
#63FF84,10039.txt
#AD4E04,10040.txt
#BBA765,10041.txt
#EE4AAD,10042.txt
#599248,10043.txt
#1934CE,10044.txt
#345025,10045.txt
#AA0E31,10046.txt
#5CF933,10047.txt
#9D65A7,10048.txt
#6326AE,10049.txt
#5B8435,10050.txt
#4BDF26,10051.txt
#AED9E0,10052.txt
#0135D5,10056.txt
#05F278,10057.txt
#740F29,10058.txt
#44B74F,10059.txt
#862BC0,10060.txt
#BD9AEB,10062.txt
#739DEC,10063.txt
#F425C6,10064.txt
#E6ED0C,1jcfs10.txt
#3A5CAF,2babb10.txt
#04A9E9,3babb10.txt
#D55F40,50bab10.txt
#7150DF,ajtl10.txt
#AC388A,allyr10.txt
#D009D6,alpsn10.txt
#F3076D,balen10.txt
#78E26E,baleng2.txt
#B30221,batlf10.txt
#991B77,bgopr10.txt
#2E0CDA,brnte10.txt
#2B9D65,bstjg10.txt
#3D6907,cambp10.txt
#D6F269,canbe10.txt
#C6F470,cantp10.txt
#672F0A,cfrz10.txt
#7D14A9,crsnk10.txt
#5D69C6,esbio10.txt
#C0DEFC,grybr10.txt
#1C7EB5,mklmt10.txt
#32B052,morem10.txt
#B658FD,mspcd10.txt
#5F7A82,penbr10.txt
#519FB0,pgjr10.txt
#38F50B,pntvw10.txt
#FF974D,prcpg10.txt
#4F5748,prhg10.txt
#019185,prhsb10.txt
#D78769,rlsl110.txt
#C1D0A5,rlsl210.txt
#C35D8D,rmlav10.txt
#E13286,sesli10.txt
#41A62C,svyrd10.txt
#750F26,tecom10.txt
#651E7E,utrkj10.txt
#3F0225,vpasm10.txt
#88B1C8,wldsp10.txt
#A806F1,wtrbs10.txt
#6C8189,zncli10.txt
